event,underlying,structure,entry,peak,spot_entry,spot_peak,spx_dd_pct,iv_entry,iv_peak,contracts,cost_per_unit,cost_total,ann_cost_pct,peak_value_per_unit,peak_value_total,peak_pnl,convexity,delta,gamma,vega,theta,provenance
2011-08-08 US debt downgrade,SPX,Fly -2/-5/-8,2011-08-01,2011-08-08,1286.94,1119.46,-13.01,23.7,48.0,8,5.07,4055.0,4.23,2.78,2226.0,-1829.0,0.55,-0.037,-0.247,-0.09,0.04,"BSM estimate, not listed mid"
2011-08-08 US debt downgrade,SPX,PutSpread ATM/-10,2011-08-01,2011-08-08,1286.94,1119.46,-13.01,23.7,48.0,8,32.45,25960.0,27.07,95.85,76677.0,50717.0,2.95,-0.401,2.896,1.09,-0.31,"BSM estimate, not listed mid"
2011-08-08 US debt downgrade,SPX,LongPut -10,2011-08-01,2011-08-08,1286.94,1119.46,-13.01,23.7,48.0,8,2.67,2138.0,2.23,81.41,65129.0,62990.0,30.46,-0.063,1.319,0.5,-0.16,"BSM estimate, not listed mid"
2011-08-08 US debt downgrade,SPX,Ratio2x1 -8/-15,2011-08-01,2011-08-08,1286.94,1119.46,-13.01,23.7,48.0,8,-4.47,-3576.0,-3.73,-3.68,-2941.0,635.0,0.0,0.089,-1.402,-0.53,0.17,"BSM estimate, not listed mid"
2011-08-08 US debt downgrade,SPX,Ratio2x1 -10/-20,2011-08-01,2011-08-08,1286.94,1119.46,-13.01,23.7,48.0,8,-2.63,-2102.0,-2.19,-34.28,-27422.0,-25320.0,0.0,0.062,-1.256,-0.47,0.15,"BSM estimate, not listed mid"
2011-08-08 US debt downgrade,SPY,Fly -2/-5/-8,2011-08-01,2011-08-08,128.78,112.26,-12.83,23.7,48.0,78,0.51,3957.0,4.13,0.28,2195.0,-1762.0,0.55,-0.037,-2.464,-0.01,0.0,"BSM estimate, not listed mid"
2011-08-08 US debt downgrade,SPY,PutSpread ATM/-10,2011-08-01,2011-08-08,128.78,112.26,-12.83,23.7,48.0,78,3.25,25328.0,26.41,9.53,74323.0,48995.0,2.93,-0.401,28.939,0.11,-0.03,"BSM estimate, not listed mid"
2011-08-08 US debt downgrade,SPY,LongPut -10,2011-08-01,2011-08-08,128.78,112.26,-12.83,23.7,48.0,78,0.27,2086.0,2.18,8.01,62501.0,60415.0,29.96,-0.063,13.177,0.05,-0.02,"BSM estimate, not listed mid"
2011-08-08 US debt downgrade,SPY,Ratio2x1 -8/-15,2011-08-01,2011-08-08,128.78,112.26,-12.83,23.7,48.0,78,-0.45,-3489.0,-3.64,-0.41,-3183.0,306.0,0.0,0.089,-14.01,-0.05,0.02,"BSM estimate, not listed mid"
2011-08-08 US debt downgrade,SPY,Ratio2x1 -10/-20,2011-08-01,2011-08-08,128.78,112.26,-12.83,23.7,48.0,78,-0.26,-2051.0,-2.14,-3.41,-26605.0,-24554.0,0.0,0.062,-12.555,-0.05,0.02,"BSM estimate, not listed mid"
2011-08-08 US debt downgrade,QQQ,Fly -2/-5/-8,2011-08-01,2011-08-08,57.73,50.59,-12.37,28.6,50.9,173,0.21,3559.0,3.71,0.12,2146.0,-1413.0,0.6,-0.023,-4.757,-0.0,0.0,"BSM estimate, not listed mid"
2011-08-08 US debt downgrade,QQQ,PutSpread ATM/-10,2011-08-01,2011-08-08,57.73,50.59,-12.37,28.6,50.9,173,1.67,28972.0,30.21,4.15,71838.0,42866.0,2.48,-0.364,43.071,0.04,-0.01,"BSM estimate, not listed mid"
2011-08-08 US debt downgrade,QQQ,LongPut -10,2011-08-01,2011-08-08,57.73,50.59,-12.37,28.6,50.9,173,0.25,4410.0,4.6,3.61,62511.0,58101.0,14.17,-0.101,34.542,0.03,-0.01,"BSM estimate, not listed mid"
2011-08-08 US debt downgrade,QQQ,Ratio2x1 -8/-15,2011-08-01,2011-08-08,57.73,50.59,-12.37,28.6,50.9,173,-0.31,-5370.0,-5.6,-0.07,-1172.0,4197.0,0.0,0.097,-21.275,-0.02,0.01,"BSM estimate, not listed mid"
2011-08-08 US debt downgrade,QQQ,Ratio2x1 -10/-20,2011-08-01,2011-08-08,57.73,50.59,-12.37,28.6,50.9,173,-0.24,-4147.0,-4.32,-1.42,-24525.0,-20378.0,0.0,0.092,-29.283,-0.03,0.01,"BSM estimate, not listed mid"
2011-08-08 US debt downgrade,IWM,Fly -2/-5/-8,2011-08-01,2011-08-08,79.22,65.12,-17.8,33.0,63.8,126,0.26,3239.0,3.38,0.11,1416.0,-1823.0,0.44,-0.015,-2.748,-0.01,0.0,"BSM estimate, not listed mid"
2011-08-08 US debt downgrade,IWM,PutSpread ATM/-10,2011-08-01,2011-08-08,79.22,65.12,-17.8,33.0,63.8,126,2.52,31693.0,33.05,6.34,79838.0,48145.0,2.52,-0.333,22.696,0.05,-0.02,"BSM estimate, not listed mid"
2011-08-08 US debt downgrade,IWM,LongPut -10,2011-08-01,2011-08-08,79.22,65.12,-17.8,33.0,63.8,126,0.56,7069.0,7.37,8.49,106924.0,99855.0,15.13,-0.132,26.334,0.05,-0.02,"BSM estimate, not listed mid"
2011-08-08 US debt downgrade,IWM,Ratio2x1 -8/-15,2011-08-01,2011-08-08,79.22,65.12,-17.8,33.0,63.8,126,-0.52,-6591.0,-6.87,2.11,26624.0,33215.0,inf,0.09,-8.603,-0.02,0.01,"BSM estimate, not listed mid"
2011-08-08 US debt downgrade,IWM,Ratio2x1 -10/-20,2011-08-01,2011-08-08,79.22,65.12,-17.8,33.0,63.8,126,-0.49,-6225.0,-6.49,-0.96,-12137.0,-5912.0,0.0,0.108,-18.844,-0.04,0.02,"BSM estimate, not listed mid"
2011-08-08 US debt downgrade,VIX,WeeklyCall K=25.0,2011-08-01,2011-08-08,23.02,43.05,87.01,95.9,134.6,95,0.52,4969.0,25.91,18.06,171527.0,166558.0,34.52,0.291,112.237,0.01,-0.08,BSM-on-spot-VIX estimate (overstates true tracking — VIX options price off VX future)
2011-08-08 US debt downgrade,VIX,WeeklyCall K=30.0,2011-08-01,2011-08-08,23.02,43.05,87.01,95.9,134.6,1640,0.03,5000.0,26.07,13.06,2141299.0,2136299.0,428.28,0.027,20.575,0.0,-0.01,BSM-on-spot-VIX estimate (overstates true tracking — VIX options price off VX future)
2011-08-08 US debt downgrade,VIX,Ladder 25+35+45 (30DTE),2011-08-01,2011-08-08,23.66,48.0,102.87,95.9,134.6,24,2.02,4851.0,5.9,34.14,81938.0,77087.0,16.89,0.536,91.426,0.04,-0.06,BSM-on-spot-VIX estimate (overstates true tracking — VIX options price off VX future)
2015-08-24 China Black Monday,SPX,Fly -2/-5/-8,2015-08-17,2015-08-24,2102.44,1893.21,-9.95,13.0,40.7,5,8.16,4079.0,4.25,6.0,2999.0,-1080.0,0.74,-0.118,0.731,0.4,-0.05,"BSM estimate, not listed mid"
2015-08-24 China Black Monday,SPX,PutSpread ATM/-10,2015-08-17,2015-08-24,2102.44,1893.21,-9.95,13.0,40.7,5,29.8,14898.0,15.54,142.58,71289.0,56392.0,4.79,-0.451,4.561,2.52,-0.36,"BSM estimate, not listed mid"
2015-08-24 China Black Monday,SPX,LongPut -10,2015-08-17,2015-08-24,2102.44,1893.21,-9.95,13.0,40.7,5,0.08,41.0,0.04,84.43,42216.0,42174.0,1020.07,-0.003,0.114,0.06,-0.01,"BSM estimate, not listed mid"
2015-08-24 China Black Monday,SPX,Ratio2x1 -8/-15,2015-08-17,2015-08-24,2102.44,1893.21,-9.95,13.0,40.7,5,-0.44,-220.0,-0.23,-25.5,-12751.0,-12531.0,0.0,0.014,-0.432,-0.24,0.04,"BSM estimate, not listed mid"
2015-08-24 China Black Monday,SPX,Ratio2x1 -10/-20,2015-08-17,2015-08-24,2102.44,1893.21,-9.95,13.0,40.7,5,-0.08,-41.0,-0.04,-52.43,-26214.0,-26173.0,0.0,0.003,-0.114,-0.06,0.01,"BSM estimate, not listed mid"
2015-08-24 China Black Monday,SPY,Fly -2/-5/-8,2015-08-17,2015-08-24,210.59,189.5,-10.01,13.0,40.7,47,0.82,3840.0,4.01,0.6,2815.0,-1025.0,0.73,-0.118,7.302,0.04,-0.0,"BSM estimate, not listed mid"
2015-08-24 China Black Monday,SPY,PutSpread ATM/-10,2015-08-17,2015-08-24,210.59,189.5,-10.01,13.0,40.7,47,2.98,14027.0,14.63,14.32,67326.0,53299.0,4.8,-0.451,45.539,0.25,-0.04,"BSM estimate, not listed mid"
2015-08-24 China Black Monday,SPY,LongPut -10,2015-08-17,2015-08-24,210.59,189.5,-10.01,13.0,40.7,47,0.01,39.0,0.04,8.52,40038.0,39999.0,1027.5,-0.003,1.136,0.01,-0.0,"BSM estimate, not listed mid"
2015-08-24 China Black Monday,SPY,Ratio2x1 -8/-15,2015-08-17,2015-08-24,210.59,189.5,-10.01,13.0,40.7,47,-0.04,-207.0,-0.22,-2.55,-11991.0,-11784.0,0.0,0.014,-4.316,-0.02,0.0,"BSM estimate, not listed mid"
2015-08-24 China Black Monday,SPY,Ratio2x1 -10/-20,2015-08-17,2015-08-24,210.59,189.5,-10.01,13.0,40.7,47,-0.01,-39.0,-0.04,-5.28,-24802.0,-24763.0,0.0,0.003,-1.136,-0.01,0.0,"BSM estimate, not listed mid"
2015-08-24 China Black Monday,QQQ,Fly -2/-5/-8,2015-08-17,2015-08-24,111.43,98.46,-11.64,16.3,49.2,90,0.47,4228.0,4.41,0.25,2283.0,-1945.0,0.54,-0.084,1.847,0.0,0.0,"BSM estimate, not listed mid"
2015-08-24 China Black Monday,QQQ,PutSpread ATM/-10,2015-08-17,2015-08-24,111.43,98.46,-11.64,16.3,49.2,90,2.0,18018.0,18.79,7.85,70673.0,52655.0,3.92,-0.445,64.174,0.12,-0.02,"BSM estimate, not listed mid"
2015-08-24 China Black Monday,QQQ,LongPut -10,2015-08-17,2015-08-24,111.43,98.46,-11.64,16.3,49.2,90,0.03,258.0,0.27,6.36,57262.0,57004.0,221.67,-0.014,6.448,0.01,-0.0,"BSM estimate, not listed mid"
2015-08-24 China Black Monday,QQQ,Ratio2x1 -8/-15,2015-08-17,2015-08-24,111.43,98.46,-11.64,16.3,49.2,90,-0.09,-812.0,-0.85,-0.42,-3816.0,-3004.0,0.0,0.039,-14.664,-0.03,0.01,"BSM estimate, not listed mid"
2015-08-24 China Black Monday,QQQ,Ratio2x1 -10/-20,2015-08-17,2015-08-24,111.43,98.46,-11.64,16.3,49.2,90,-0.03,-258.0,-0.27,-2.77,-24910.0,-24652.0,0.0,0.014,-6.443,-0.01,0.0,"BSM estimate, not listed mid"
2015-08-24 China Black Monday,IWM,Fly -2/-5/-8,2015-08-17,2015-08-24,121.63,110.54,-9.12,15.2,41.9,82,0.51,4151.0,4.33,0.35,2874.0,-1276.0,0.69,-0.094,4.073,0.01,-0.0,"BSM estimate, not listed mid"
2015-08-24 China Black Monday,IWM,PutSpread ATM/-10,2015-08-17,2015-08-24,121.63,110.54,-9.12,15.2,41.9,82,2.04,16716.0,17.43,7.88,64620.0,47904.0,3.87,-0.449,64.696,0.14,-0.02,"BSM estimate, not listed mid"
2015-08-24 China Black Monday,IWM,LongPut -10,2015-08-17,2015-08-24,121.63,110.54,-9.12,15.2,41.9,82,0.02,155.0,0.16,4.57,37513.0,37358.0,241.58,-0.01,4.502,0.01,-0.0,"BSM estimate, not listed mid"
2015-08-24 China Black Monday,IWM,Ratio2x1 -8/-15,2015-08-17,2015-08-24,121.63,110.54,-9.12,15.2,41.9,82,-0.07,-561.0,-0.59,-1.4,-11458.0,-10897.0,0.0,0.03,-11.772,-0.03,0.01,"BSM estimate, not listed mid"
2015-08-24 China Black Monday,IWM,Ratio2x1 -10/-20,2015-08-17,2015-08-24,121.63,110.54,-9.12,15.2,41.9,82,-0.02,-155.0,-0.16,-2.83,-23227.0,-23072.0,0.0,0.01,-4.501,-0.01,0.0,"BSM estimate, not listed mid"
2015-08-24 China Black Monday,VIX,WeeklyCall K=25.0,2015-08-17,2015-08-24,14.12,35.94,154.62,87.3,168.8,0,0.0,0.0,0.0,10.95,0.0,0.0,0,0.0,0.005,0.0,-0.0,BSM-on-spot-VIX estimate (overstates true tracking — VIX options price off VX future)
2015-08-24 China Black Monday,VIX,WeeklyCall K=30.0,2015-08-17,2015-08-24,14.12,35.94,154.62,87.3,168.8,0,0.0,0.0,0.0,6.08,0.0,0.0,0,0.0,0.0,0.0,-0.0,BSM-on-spot-VIX estimate (overstates true tracking — VIX options price off VX future)
2015-08-24 China Black Monday,VIX,Ladder 25+35+45 (30DTE),2015-08-17,2015-08-24,13.02,40.74,212.9,87.3,168.8,2648,0.02,5000.0,6.08,22.67,6003010.0,5998011.0,1200.66,0.016,11.588,0.0,-0.0,BSM-on-spot-VIX estimate (overstates true tracking — VIX options price off VX future)
2018-02-05 Volmageddon,SPX,Fly -2/-5/-8,2018-01-29,2018-02-05,2853.53,2648.94,-7.17,13.8,37.3,4,11.46,4584.0,4.78,9.71,3882.0,-702.0,0.85,-0.109,0.373,0.4,-0.04,"BSM estimate, not listed mid"
2018-02-05 Volmageddon,SPX,PutSpread ATM/-10,2018-01-29,2018-02-05,2853.53,2648.94,-7.17,13.8,37.3,4,43.22,17290.0,18.03,167.57,67027.0,49737.0,3.88,-0.451,3.122,3.37,-0.52,"BSM estimate, not listed mid"
2018-02-05 Volmageddon,SPX,LongPut -10,2018-01-29,2018-02-05,2853.53,2648.94,-7.17,13.8,37.3,4,0.2,80.0,0.08,72.15,28862.0,28782.0,361.09,-0.005,0.12,0.13,-0.02,"BSM estimate, not listed mid"
2018-02-05 Volmageddon,SPX,Ratio2x1 -8/-15,2018-01-29,2018-02-05,2853.53,2648.94,-7.17,13.8,37.3,4,-0.9,-361.0,-0.38,-37.87,-15148.0,-14788.0,0.0,0.02,-0.39,-0.42,0.08,"BSM estimate, not listed mid"
2018-02-05 Volmageddon,SPX,Ratio2x1 -10/-20,2018-01-29,2018-02-05,2853.53,2648.94,-7.17,13.8,37.3,4,-0.2,-80.0,-0.08,-53.78,-21513.0,-21433.0,0.0,0.005,-0.12,-0.13,0.02,"BSM estimate, not listed mid"
2018-02-05 Volmageddon,SPY,Fly -2/-5/-8,2018-01-29,2018-02-05,284.68,263.93,-7.29,13.8,37.3,35,1.14,4002.0,4.17,0.97,3379.0,-623.0,0.84,-0.109,3.737,0.04,-0.0,"BSM estimate, not listed mid"
2018-02-05 Volmageddon,SPY,PutSpread ATM/-10,2018-01-29,2018-02-05,284.68,263.93,-7.29,13.8,37.3,35,4.31,15093.0,15.74,16.84,58955.0,43862.0,3.91,-0.451,31.293,0.34,-0.05,"BSM estimate, not listed mid"
2018-02-05 Volmageddon,SPY,LongPut -10,2018-01-29,2018-02-05,284.68,263.93,-7.29,13.8,37.3,35,0.02,70.0,0.07,7.32,25618.0,25548.0,367.16,-0.005,1.205,0.01,-0.0,"BSM estimate, not listed mid"
2018-02-05 Volmageddon,SPY,Ratio2x1 -8/-15,2018-01-29,2018-02-05,284.68,263.93,-7.29,13.8,37.3,35,-0.09,-315.0,-0.33,-3.8,-13305.0,-12990.0,0.0,0.02,-3.914,-0.04,0.01,"BSM estimate, not listed mid"
2018-02-05 Volmageddon,SPY,Ratio2x1 -10/-20,2018-01-29,2018-02-05,284.68,263.93,-7.29,13.8,37.3,35,-0.02,-70.0,-0.07,-5.44,-19034.0,-18964.0,0.0,0.005,-1.205,-0.01,0.0,"BSM estimate, not listed mid"
2018-02-05 Volmageddon,QQQ,Fly -2/-5/-8,2018-01-29,2018-02-05,170.1,158.12,-7.04,20.9,42.9,59,0.7,4134.0,4.31,0.51,2989.0,-1145.0,0.72,-0.05,-1.642,-0.01,0.0,"BSM estimate, not listed mid"
2018-02-05 Volmageddon,QQQ,PutSpread ATM/-10,2018-01-29,2018-02-05,170.1,158.12,-7.04,20.9,42.9,59,3.87,22823.0,23.8,9.83,58006.0,35183.0,2.54,-0.421,27.824,0.16,-0.04,"BSM estimate, not listed mid"
2018-02-05 Volmageddon,QQQ,LongPut -10,2018-01-29,2018-02-05,170.1,158.12,-7.04,20.9,42.9,59,0.2,1160.0,1.21,5.17,30531.0,29372.0,26.32,-0.043,8.262,0.05,-0.01,"BSM estimate, not listed mid"
2018-02-05 Volmageddon,QQQ,Ratio2x1 -8/-15,2018-01-29,2018-02-05,170.1,158.12,-7.04,20.9,42.9,59,-0.4,-2363.0,-2.46,-1.85,-10888.0,-8524.0,0.0,0.075,-11.534,-0.07,0.02,"BSM estimate, not listed mid"
2018-02-05 Volmageddon,QQQ,Ratio2x1 -10/-20,2018-01-29,2018-02-05,170.1,158.12,-7.04,20.9,42.9,59,-0.2,-1153.0,-1.2,-3.34,-19697.0,-18544.0,0.0,0.042,-8.124,-0.05,0.01,"BSM estimate, not listed mid"
2018-02-05 Volmageddon,IWM,Fly -2/-5/-8,2018-01-29,2018-02-05,158.7,147.92,-6.79,21.9,42.7,63,0.64,4055.0,4.23,0.48,3006.0,-1049.0,0.74,-0.045,-1.916,-0.01,0.0,"BSM estimate, not listed mid"
2018-02-05 Volmageddon,IWM,PutSpread ATM/-10,2018-01-29,2018-02-05,158.7,147.92,-6.79,21.9,42.7,63,3.76,23711.0,24.73,9.04,56970.0,33259.0,2.4,-0.414,27.204,0.14,-0.04,"BSM estimate, not listed mid"
2018-02-05 Volmageddon,IWM,LongPut -10,2018-01-29,2018-02-05,158.7,147.92,-6.79,21.9,42.7,63,0.23,1472.0,1.54,4.65,29304.0,27832.0,19.91,-0.05,9.63,0.05,-0.02,"BSM estimate, not listed mid"
2018-02-05 Volmageddon,IWM,Ratio2x1 -8/-15,2018-01-29,2018-02-05,158.7,147.92,-6.79,21.9,42.7,63,-0.44,-2774.0,-2.89,-1.73,-10898.0,-8124.0,0.0,0.081,-12.131,-0.06,0.02,"BSM estimate, not listed mid"
2018-02-05 Volmageddon,IWM,Ratio2x1 -10/-20,2018-01-29,2018-02-05,158.7,147.92,-6.79,21.9,42.7,63,-0.23,-1459.0,-1.52,-3.04,-19169.0,-17710.0,0.0,0.05,-9.38,-0.05,0.01,"BSM estimate, not listed mid"
2018-02-05 Volmageddon,VIX,WeeklyCall K=25.0,2018-01-29,2018-02-05,14.41,32.72,127.02,110.0,177.3,0,0.0,0.0,0.0,7.76,0.0,0.0,0,0.0,0.354,0.0,-0.0,BSM-on-spot-VIX estimate (overstates true tracking — VIX options price off VX future)
2018-02-05 Volmageddon,VIX,WeeklyCall K=30.0,2018-01-29,2018-02-05,14.41,32.72,127.02,110.0,177.3,0,0.0,0.0,0.0,3.36,0.0,0.0,0,0.0,0.003,0.0,-0.0,BSM-on-spot-VIX estimate (overstates true tracking — VIX options price off VX future)
2018-02-05 Volmageddon,VIX,Ladder 25+35+45 (30DTE),2018-01-29,2018-02-05,13.84,37.32,169.65,110.0,177.3,476,0.1,4993.0,6.07,17.81,847745.0,842752.0,169.79,0.062,28.172,0.01,-0.01,BSM-on-spot-VIX estimate (overstates true tracking — VIX options price off VX future)
2020-03-16 COVID-1,SPX,Fly -2/-5/-8,2020-03-09,2020-03-16,2746.56,2386.13,-13.12,54.5,82.7,4,5.94,2375.0,2.48,3.88,1554.0,-821.0,0.65,-0.003,-0.025,-0.1,0.08,"BSM estimate, not listed mid"
2020-03-16 COVID-1,SPX,PutSpread ATM/-10,2020-03-09,2020-03-16,2746.56,2386.13,-13.12,54.5,82.7,4,110.71,44284.0,46.18,186.95,74780.0,30495.0,1.69,-0.225,0.197,0.78,-0.53,"BSM estimate, not listed mid"
2020-03-16 COVID-1,SPX,LongPut -10,2020-03-09,2020-03-16,2746.56,2386.13,-13.12,54.5,82.7,4,68.29,27316.0,28.49,269.71,107884.0,80568.0,3.95,-0.232,0.659,2.6,-1.94,"BSM estimate, not listed mid"
2020-03-16 COVID-1,SPX,Ratio2x1 -8/-15,2020-03-09,2020-03-16,2746.56,2386.13,-13.12,54.5,82.7,4,-12.51,-5005.0,-5.22,84.42,33768.0,38773.0,inf,-0.011,0.252,0.99,-0.77,"BSM estimate, not listed mid"
2020-03-16 COVID-1,SPX,Ratio2x1 -10/-20,2020-03-09,2020-03-16,2746.56,2386.13,-13.12,54.5,82.7,4,-34.25,-13702.0,-14.29,-6.23,-2492.0,11210.0,0.0,0.079,-0.04,-0.16,0.09,"BSM estimate, not listed mid"
2020-03-16 COVID-1,SPY,Fly -2/-5/-8,2020-03-09,2020-03-16,274.23,239.85,-12.54,54.5,82.7,36,0.59,2134.0,2.23,0.39,1415.0,-719.0,0.66,-0.003,-0.248,-0.01,0.01,"BSM estimate, not listed mid"
2020-03-16 COVID-1,SPY,PutSpread ATM/-10,2020-03-09,2020-03-16,274.23,239.85,-12.54,54.5,82.7,36,11.05,39794.0,41.5,18.39,66205.0,26411.0,1.66,-0.225,1.977,0.08,-0.05,"BSM estimate, not listed mid"
2020-03-16 COVID-1,SPY,LongPut -10,2020-03-09,2020-03-16,274.23,239.85,-12.54,54.5,82.7,36,6.82,24547.0,25.6,26.12,94047.0,69500.0,3.83,-0.232,6.6,0.26,-0.19,"BSM estimate, not listed mid"
2020-03-16 COVID-1,SPY,Ratio2x1 -8/-15,2020-03-09,2020-03-16,274.23,239.85,-12.54,54.5,82.7,36,-1.25,-4498.0,-4.69,7.99,28762.0,33260.0,inf,-0.011,2.526,0.1,-0.08,"BSM estimate, not listed mid"
2020-03-16 COVID-1,SPY,Ratio2x1 -10/-20,2020-03-09,2020-03-16,274.23,239.85,-12.54,54.5,82.7,36,-3.42,-12313.0,-12.84,-0.81,-2934.0,9379.0,0.0,0.079,-0.396,-0.02,0.01,"BSM estimate, not listed mid"
2020-03-16 COVID-1,QQQ,Fly -2/-5/-8,2020-03-09,2020-03-16,193.57,169.3,-12.54,57.6,83.0,52,0.4,2069.0,2.16,0.28,1437.0,-632.0,0.69,-0.003,-0.303,-0.01,0.01,"BSM estimate, not listed mid"
2020-03-16 COVID-1,QQQ,PutSpread ATM/-10,2020-03-09,2020-03-16,193.57,169.3,-12.54,57.6,83.0,52,7.97,41430.0,43.21,12.98,67474.0,26044.0,1.63,-0.214,2.451,0.05,-0.04,"BSM estimate, not listed mid"
2020-03-16 COVID-1,QQQ,LongPut -10,2020-03-09,2020-03-16,193.57,169.3,-12.54,57.6,83.0,52,5.39,28033.0,29.23,18.51,96230.0,68197.0,3.43,-0.241,9.037,0.19,-0.15,"BSM estimate, not listed mid"
2020-03-16 COVID-1,QQQ,Ratio2x1 -8/-15,2020-03-09,2020-03-16,193.57,169.3,-12.54,57.6,83.0,52,-0.65,-3354.0,-3.5,5.7,29644.0,32998.0,inf,-0.025,3.933,0.08,-0.07,"BSM estimate, not listed mid"
2020-03-16 COVID-1,QQQ,Ratio2x1 -10/-20,2020-03-09,2020-03-16,193.57,169.3,-12.54,57.6,83.0,52,-2.43,-12624.0,-13.17,-0.53,-2736.0,9888.0,0.0,0.068,0.106,0.0,-0.0,"BSM estimate, not listed mid"
2020-03-16 COVID-1,IWM,Fly -2/-5/-8,2020-03-09,2020-03-16,130.36,103.62,-20.51,56.6,85.7,77,0.27,2096.0,2.19,0.14,1087.0,-1010.0,0.52,-0.003,-0.471,-0.0,0.0,"BSM estimate, not listed mid"
2020-03-16 COVID-1,IWM,PutSpread ATM/-10,2020-03-09,2020-03-16,130.36,103.62,-20.51,56.6,85.7,77,5.33,41049.0,42.81,10.34,79621.0,38572.0,1.94,-0.218,3.795,0.03,-0.02,"BSM estimate, not listed mid"
2020-03-16 COVID-1,IWM,LongPut -10,2020-03-09,2020-03-16,130.36,103.62,-20.51,56.6,85.7,77,3.5,26988.0,28.14,18.71,144099.0,117111.0,5.34,-0.239,13.567,0.13,-0.1,"BSM estimate, not listed mid"
2020-03-16 COVID-1,IWM,Ratio2x1 -8/-15,2020-03-09,2020-03-16,130.36,103.62,-20.51,56.6,85.7,77,-0.49,-3759.0,-3.92,7.8,60055.0,63813.0,inf,-0.021,5.687,0.05,-0.04,"BSM estimate, not listed mid"
2020-03-16 COVID-1,IWM,Ratio2x1 -10/-20,2020-03-09,2020-03-16,130.36,103.62,-20.51,56.6,85.7,77,-1.64,-12590.0,-13.13,1.91,14698.0,27288.0,inf,0.072,-0.143,-0.0,-0.0,"BSM estimate, not listed mid"
2020-03-16 COVID-1,VIX,WeeklyCall K=25.0,2020-03-09,2020-03-16,48.75,75.19,54.23,137.2,207.6,2,23.77,4755.0,24.79,50.2,10040.0,5285.0,2.11,1.0,0.063,0.0,-0.0,BSM-on-spot-VIX estimate (overstates true tracking — VIX options price off VX future)
2020-03-16 COVID-1,VIX,WeeklyCall K=30.0,2020-03-09,2020-03-16,48.75,75.19,54.23,137.2,207.6,2,18.79,3758.0,19.6,45.2,9040.0,5282.0,2.41,0.996,1.269,0.0,-0.01,BSM-on-spot-VIX estimate (overstates true tracking — VIX options price off VX future)
2020-03-16 COVID-1,VIX,Ladder 25+35+45 (30DTE),2020-03-09,2020-03-16,54.46,82.69,51.84,137.2,207.6,1,49.12,4912.0,5.98,124.84,12484.0,7572.0,2.54,2.483,34.554,0.09,-0.22,BSM-on-spot-VIX estimate (overstates true tracking — VIX options price off VX future)
2020-03-23 COVID-2,SPX,Fly -2/-5/-8,2020-03-16,2020-03-23,2386.13,2237.4,-6.23,82.7,61.6,4,3.49,1396.0,1.46,5.03,2011.0,614.0,1.44,-0.001,-0.009,-0.04,0.05,"BSM estimate, not listed mid"
2020-03-23 COVID-2,SPX,PutSpread ATM/-10,2020-03-16,2020-03-23,2386.13,2237.4,-6.23,82.7,61.6,4,110.47,44190.0,46.08,132.06,52825.0,8635.0,1.2,-0.154,0.086,0.39,-0.41,"BSM estimate, not listed mid"
2020-03-23 COVID-2,SPX,LongPut -10,2020-03-16,2020-03-23,2386.13,2237.4,-6.23,82.7,61.6,4,127.61,51042.0,53.23,110.33,44133.0,-6909.0,0.86,-0.29,0.56,2.53,-2.9,"BSM estimate, not listed mid"
2020-03-23 COVID-2,SPX,Ratio2x1 -8/-15,2020-03-16,2020-03-23,2386.13,2237.4,-6.23,82.7,61.6,4,27.43,10971.0,11.44,-0.49,-195.0,-11166.0,-0.02,-0.117,0.38,1.72,-1.99,"BSM estimate, not listed mid"
2020-03-23 COVID-2,SPX,Ratio2x1 -10/-20,2020-03-16,2020-03-23,2386.13,2237.4,-6.23,82.7,61.6,4,-15.86,-6343.0,-6.61,-39.69,-15878.0,-9535.0,0.0,-0.021,0.221,1.0,-1.17,"BSM estimate, not listed mid"
2020-03-23 COVID-2,SPY,Fly -2/-5/-8,2020-03-16,2020-03-23,239.85,222.95,-7.05,82.7,61.6,42,0.35,1474.0,1.54,0.5,2105.0,631.0,1.43,-0.001,-0.09,-0.0,0.0,"BSM estimate, not listed mid"
2020-03-23 COVID-2,SPY,PutSpread ATM/-10,2020-03-16,2020-03-23,239.85,222.95,-7.05,82.7,61.6,42,11.1,46640.0,48.64,13.73,57674.0,11034.0,1.24,-0.154,0.859,0.04,-0.04,"BSM estimate, not listed mid"
2020-03-23 COVID-2,SPY,LongPut -10,2020-03-16,2020-03-23,239.85,222.95,-7.05,82.7,61.6,42,12.83,53872.0,56.18,11.82,49664.0,-4208.0,0.92,-0.29,5.57,0.25,-0.29,"BSM estimate, not listed mid"
2020-03-23 COVID-2,SPY,Ratio2x1 -8/-15,2020-03-16,2020-03-23,239.85,222.95,-7.05,82.7,61.6,42,2.76,11580.0,12.08,0.14,603.0,-10977.0,0.05,-0.117,3.781,0.17,-0.2,"BSM estimate, not listed mid"
2020-03-23 COVID-2,SPY,Ratio2x1 -10/-20,2020-03-16,2020-03-23,239.85,222.95,-7.05,82.7,61.6,42,-1.59,-6694.0,-6.98,-4.09,-17169.0,-10475.0,0.0,-0.021,2.196,0.1,-0.12,"BSM estimate, not listed mid"
2020-03-23 COVID-2,QQQ,Fly -2/-5/-8,2020-03-16,2020-03-23,169.3,170.46,0.69,83.0,61.6,59,0.25,1456.0,1.52,0.35,2055.0,599.0,1.41,-0.0,-0.126,-0.0,0.0,"BSM estimate, not listed mid"
2020-03-23 COVID-2,QQQ,PutSpread ATM/-10,2020-03-16,2020-03-23,169.3,170.46,0.69,83.0,61.6,59,7.85,46300.0,48.28,6.72,39638.0,-6662.0,0.86,-0.153,1.207,0.03,-0.03,"BSM estimate, not listed mid"
2020-03-23 COVID-2,QQQ,LongPut -10,2020-03-16,2020-03-23,169.3,170.46,0.69,83.0,61.6,59,9.11,53770.0,56.07,4.38,25825.0,-27945.0,0.48,-0.29,7.865,0.18,-0.21,"BSM estimate, not listed mid"
2020-03-23 COVID-2,QQQ,Ratio2x1 -8/-15,2020-03-16,2020-03-23,169.3,170.46,0.69,83.0,61.6,59,1.99,11722.0,12.22,-0.63,-3689.0,-15410.0,-0.31,-0.118,5.354,0.12,-0.14,"BSM estimate, not listed mid"
2020-03-23 COVID-2,QQQ,Ratio2x1 -10/-20,2020-03-16,2020-03-23,169.3,170.46,0.69,83.0,61.6,59,-1.1,-6498.0,-6.78,-2.05,-12095.0,-5597.0,0.0,-0.022,3.127,0.07,-0.08,"BSM estimate, not listed mid"
2020-03-23 COVID-2,IWM,Fly -2/-5/-8,2020-03-16,2020-03-23,103.62,99.9,-3.59,85.7,64.4,97,0.15,1420.0,1.48,0.21,2046.0,625.0,1.44,-0.0,-0.188,-0.0,0.0,"BSM estimate, not listed mid"
2020-03-23 COVID-2,IWM,PutSpread ATM/-10,2020-03-16,2020-03-23,103.62,99.9,-3.59,85.7,64.4,97,4.85,47020.0,49.04,5.13,49786.0,2766.0,1.06,-0.148,1.84,0.02,-0.02,"BSM estimate, not listed mid"
2020-03-23 COVID-2,IWM,LongPut -10,2020-03-16,2020-03-23,103.62,99.9,-3.59,85.7,64.4,97,5.87,56973.0,59.41,4.15,40270.0,-16703.0,0.71,-0.293,12.51,0.11,-0.13,"BSM estimate, not listed mid"
2020-03-23 COVID-2,IWM,Ratio2x1 -8/-15,2020-03-16,2020-03-23,103.62,99.9,-3.59,85.7,64.4,97,1.42,13768.0,14.36,-0.06,-574.0,-14342.0,-0.04,-0.125,8.701,0.08,-0.09,"BSM estimate, not listed mid"
2020-03-23 COVID-2,IWM,Ratio2x1 -10/-20,2020-03-16,2020-03-23,103.62,99.9,-3.59,85.7,64.4,97,-0.55,-5361.0,-5.59,-1.51,-14648.0,-9286.0,0.0,-0.03,5.299,0.05,-0.06,"BSM estimate, not listed mid"
2020-03-23 COVID-2,VIX,WeeklyCall K=25.0,2020-03-16,2020-03-23,75.19,59.11,-21.38,207.6,167.9,1,50.21,5021.0,26.18,34.12,3412.0,-1609.0,0.68,1.0,0.007,0.0,-0.0,BSM-on-spot-VIX estimate (overstates true tracking — VIX options price off VX future)
2020-03-23 COVID-2,VIX,WeeklyCall K=30.0,2020-03-16,2020-03-23,75.19,59.11,-21.38,207.6,167.9,1,45.22,4522.0,23.58,29.12,2912.0,-1610.0,0.64,1.0,0.069,0.0,-0.01,BSM-on-spot-VIX estimate (overstates true tracking — VIX options price off VX future)
2020-03-23 COVID-2,VIX,Ladder 25+35+45 (30DTE),2020-03-16,2020-03-23,82.69,61.59,-25.52,207.6,167.9,1,126.19,12619.0,15.35,77.5,7750.0,-4870.0,0.61,2.806,7.922,0.08,-0.27,BSM-on-spot-VIX estimate (overstates true tracking — VIX options price off VX future)
2022-03-08 hike-cycle,SPX,Fly -2/-5/-8,2022-03-01,2022-03-08,4306.26,4170.7,-3.15,33.3,35.1,2,13.89,2778.0,2.9,15.74,3147.0,369.0,1.13,-0.015,-0.05,-0.29,0.15,"BSM estimate, not listed mid"
2022-03-08 hike-cycle,SPX,PutSpread ATM/-10,2022-03-01,2022-03-08,4306.26,4170.7,-3.15,33.3,35.1,2,137.42,27483.0,28.66,185.53,37107.0,9623.0,1.35,-0.331,0.409,2.43,-0.98,"BSM estimate, not listed mid"
2022-03-08 hike-cycle,SPX,LongPut -10,2022-03-01,2022-03-08,4306.26,4170.7,-3.15,33.3,35.1,2,31.3,6260.0,6.53,51.97,10394.0,4133.0,1.66,-0.134,0.485,2.87,-1.3,"BSM estimate, not listed mid"
2022-03-08 hike-cycle,SPX,Ratio2x1 -8/-15,2022-03-01,2022-03-08,4306.26,4170.7,-3.15,33.3,35.1,2,-28.69,-5739.0,-5.98,-41.89,-8379.0,-2640.0,0.0,0.089,-0.151,-0.89,0.38,"BSM estimate, not listed mid"
2022-03-08 hike-cycle,SPX,Ratio2x1 -10/-20,2022-03-01,2022-03-08,4306.26,4170.7,-3.15,33.3,35.1,2,-27.43,-5486.0,-5.72,-44.2,-8840.0,-3354.0,0.0,0.109,-0.343,-2.03,0.91,"BSM estimate, not listed mid"
2022-03-08 hike-cycle,SPY,Fly -2/-5/-8,2022-03-01,2022-03-08,429.98,416.25,-3.19,33.3,35.1,23,1.39,3190.0,3.33,1.57,3617.0,427.0,1.13,-0.015,-0.498,-0.03,0.01,"BSM estimate, not listed mid"
2022-03-08 hike-cycle,SPY,PutSpread ATM/-10,2022-03-01,2022-03-08,429.98,416.25,-3.19,33.3,35.1,23,13.72,31558.0,32.91,18.6,42780.0,11222.0,1.36,-0.331,4.1,0.24,-0.1,"BSM estimate, not listed mid"
2022-03-08 hike-cycle,SPY,LongPut -10,2022-03-01,2022-03-08,429.98,416.25,-3.19,33.3,35.1,23,3.13,7189.0,7.5,5.23,12029.0,4840.0,1.67,-0.134,4.857,0.29,-0.13,"BSM estimate, not listed mid"
2022-03-08 hike-cycle,SPY,Ratio2x1 -8/-15,2022-03-01,2022-03-08,429.98,416.25,-3.19,33.3,35.1,23,-2.86,-6589.0,-6.87,-4.2,-9670.0,-3080.0,0.0,0.089,-1.509,-0.09,0.04,"BSM estimate, not listed mid"
2022-03-08 hike-cycle,SPY,Ratio2x1 -10/-20,2022-03-01,2022-03-08,429.98,416.25,-3.19,33.3,35.1,23,-2.74,-6299.0,-6.57,-4.44,-10223.0,-3924.0,0.0,0.109,-3.431,-0.2,0.09,"BSM estimate, not listed mid"
2022-03-08 hike-cycle,QQQ,Fly -2/-5/-8,2022-03-01,2022-03-08,341.49,323.35,-5.31,48.5,50.2,29,0.82,2372.0,2.47,0.89,2575.0,203.0,1.09,-0.005,-0.269,-0.01,0.01,"BSM estimate, not listed mid"
2022-03-08 hike-cycle,QQQ,PutSpread ATM/-10,2022-03-01,2022-03-08,341.49,323.35,-5.31,48.5,50.2,29,13.14,38094.0,39.73,17.93,52003.0,13909.0,1.37,-0.249,2.104,0.11,-0.07,"BSM estimate, not listed mid"
2022-03-08 hike-cycle,QQQ,LongPut -10,2022-03-01,2022-03-08,341.49,323.35,-5.31,48.5,50.2,29,6.6,19153.0,19.97,10.81,31361.0,12208.0,1.64,-0.211,5.641,0.31,-0.2,"BSM estimate, not listed mid"
2022-03-08 hike-cycle,QQQ,Ratio2x1 -8/-15,2022-03-01,2022-03-08,341.49,323.35,-5.31,48.5,50.2,29,-2.17,-6283.0,-6.55,-2.52,-7300.0,-1018.0,0.0,0.019,1.452,0.08,-0.06,"BSM estimate, not listed mid"
2022-03-08 hike-cycle,QQQ,Ratio2x1 -10/-20,2022-03-01,2022-03-08,341.49,323.35,-5.31,48.5,50.2,29,-4.0,-11609.0,-12.11,-5.97,-17306.0,-5697.0,0.0,0.099,-1.224,-0.07,0.04,"BSM estimate, not listed mid"
2022-03-08 hike-cycle,IWM,Fly -2/-5/-8,2022-03-01,2022-03-08,199.49,194.79,-2.36,44.2,45.3,50,0.52,2585.0,2.7,0.57,2837.0,252.0,1.1,-0.006,-0.579,-0.01,0.01,"BSM estimate, not listed mid"
2022-03-08 hike-cycle,IWM,PutSpread ATM/-10,2022-03-01,2022-03-08,199.49,194.79,-2.36,44.2,45.3,50,7.37,36841.0,38.42,8.6,42977.0,6137.0,1.17,-0.269,4.51,0.08,-0.04,"BSM estimate, not listed mid"
2022-03-08 hike-cycle,IWM,LongPut -10,2022-03-01,2022-03-08,199.49,194.79,-2.36,44.2,45.3,50,3.11,15552.0,16.22,3.74,18722.0,3169.0,1.2,-0.193,10.043,0.17,-0.1,"BSM estimate, not listed mid"
2022-03-08 hike-cycle,IWM,Ratio2x1 -8/-15,2022-03-01,2022-03-08,199.49,194.79,-2.36,44.2,45.3,50,-1.42,-7083.0,-7.39,-1.69,-8470.0,-1387.0,0.0,0.041,1.418,0.02,-0.02,"BSM estimate, not listed mid"
2022-03-08 hike-cycle,IWM,Ratio2x1 -10/-20,2022-03-01,2022-03-08,199.49,194.79,-2.36,44.2,45.3,50,-2.13,-10647.0,-11.1,-2.58,-12894.0,-2247.0,0.0,0.109,-3.47,-0.06,0.03,"BSM estimate, not listed mid"
2022-03-08 hike-cycle,VIX,WeeklyCall K=25.0,2022-03-01,2022-03-08,32.95,35.07,6.4,132.8,139.7,6,8.13,4876.0,25.42,10.07,6043.0,1167.0,1.24,0.945,18.351,0.01,-0.05,BSM-on-spot-VIX estimate (overstates true tracking — VIX options price off VX future)
2022-03-08 hike-cycle,VIX,WeeklyCall K=30.0,2022-03-01,2022-03-08,32.95,35.07,6.4,132.8,139.7,12,4.09,4911.0,25.61,5.17,6201.0,1290.0,1.26,0.728,54.751,0.02,-0.15,BSM-on-spot-VIX estimate (overstates true tracking — VIX options price off VX future)
2022-03-08 hike-cycle,VIX,Ladder 25+35+45 (30DTE),2022-03-01,2022-03-08,33.32,35.13,5.43,132.8,139.7,3,15.42,4625.0,5.63,18.44,5533.0,908.0,1.2,1.607,78.755,0.09,-0.21,BSM-on-spot-VIX estimate (overstates true tracking — VIX options price off VX future)
2024-08-05 JPY unwind,SPX,Fly -2/-5/-8,2024-07-29,2024-08-05,5463.54,5186.33,-5.07,16.6,38.6,2,23.08,4616.0,4.81,18.48,3696.0,-920.0,0.8,-0.081,0.025,0.12,0.02,"BSM estimate, not listed mid"
2024-08-05 JPY unwind,SPX,PutSpread ATM/-10,2024-07-29,2024-08-05,5463.54,5186.33,-5.07,16.6,38.6,2,100.06,20012.0,20.87,278.25,55650.0,35638.0,2.78,-0.444,1.273,6.05,-1.16,"BSM estimate, not listed mid"
2024-08-05 JPY unwind,SPX,LongPut -10,2024-07-29,2024-08-05,5463.54,5186.33,-5.07,16.6,38.6,2,1.61,322.0,0.34,108.19,21639.0,21317.0,67.3,-0.016,0.141,0.67,-0.15,"BSM estimate, not listed mid"
2024-08-05 JPY unwind,SPX,Ratio2x1 -8/-15,2024-07-29,2024-08-05,5463.54,5186.33,-5.07,16.6,38.6,2,-4.87,-974.0,-1.02,-62.11,-12422.0,-11448.0,0.0,0.041,-0.308,-1.47,0.32,"BSM estimate, not listed mid"
2024-08-05 JPY unwind,SPX,Ratio2x1 -10/-20,2024-07-29,2024-08-05,5463.54,5186.33,-5.07,16.6,38.6,2,-1.61,-321.0,-0.34,-82.42,-16485.0,-16163.0,0.0,0.016,-0.141,-0.67,0.15,"BSM estimate, not listed mid"
2024-08-05 JPY unwind,SPY,Fly -2/-5/-8,2024-07-29,2024-08-05,544.76,517.38,-5.03,16.6,38.6,18,2.3,4143.0,4.32,1.84,3317.0,-825.0,0.8,-0.081,0.256,0.01,0.0,"BSM estimate, not listed mid"
2024-08-05 JPY unwind,SPY,PutSpread ATM/-10,2024-07-29,2024-08-05,544.76,517.38,-5.03,16.6,38.6,18,9.98,17958.0,18.73,27.65,49768.0,31810.0,2.77,-0.444,12.763,0.6,-0.12,"BSM estimate, not listed mid"
2024-08-05 JPY unwind,SPY,LongPut -10,2024-07-29,2024-08-05,544.76,517.38,-5.03,16.6,38.6,18,0.16,289.0,0.3,10.71,19285.0,18996.0,66.83,-0.016,1.412,0.07,-0.01,"BSM estimate, not listed mid"
2024-08-05 JPY unwind,SPY,Ratio2x1 -8/-15,2024-07-29,2024-08-05,544.76,517.38,-5.03,16.6,38.6,18,-0.49,-874.0,-0.91,-6.17,-11111.0,-10237.0,0.0,0.041,-3.093,-0.15,0.03,"BSM estimate, not listed mid"
2024-08-05 JPY unwind,SPY,Ratio2x1 -10/-20,2024-07-29,2024-08-05,544.76,517.38,-5.03,16.6,38.6,18,-0.16,-288.0,-0.3,-8.17,-14707.0,-14419.0,0.0,0.016,-1.411,-0.07,0.01,"BSM estimate, not listed mid"
2024-08-05 JPY unwind,QQQ,Fly -2/-5/-8,2024-07-29,2024-08-05,463.9,435.37,-6.15,26.0,57.2,22,1.75,3840.0,4.0,1.05,2318.0,-1521.0,0.6,-0.029,-0.657,-0.04,0.01,"BSM estimate, not listed mid"
2024-08-05 JPY unwind,QQQ,PutSpread ATM/-10,2024-07-29,2024-08-05,463.9,435.37,-6.15,26.0,57.2,22,12.58,27677.0,28.86,25.53,56169.0,28491.0,2.03,-0.383,6.597,0.35,-0.11,"BSM estimate, not listed mid"
2024-08-05 JPY unwind,QQQ,LongPut -10,2024-07-29,2024-08-05,463.9,435.37,-6.15,26.0,57.2,22,1.43,3151.0,3.29,19.23,42314.0,39163.0,13.43,-0.081,4.032,0.22,-0.08,"BSM estimate, not listed mid"
2024-08-05 JPY unwind,QQQ,Ratio2x1 -8/-15,2024-07-29,2024-08-05,463.9,435.37,-6.15,26.0,57.2,22,-2.05,-4514.0,-4.71,-1.46,-3220.0,1294.0,0.0,0.095,-3.352,-0.18,0.06,"BSM estimate, not listed mid"
2024-08-05 JPY unwind,QQQ,Ratio2x1 -10/-20,2024-07-29,2024-08-05,463.9,435.37,-6.15,26.0,57.2,22,-1.38,-3045.0,-3.18,-8.18,-18004.0,-14960.0,0.0,0.077,-3.671,-0.2,0.07,"BSM estimate, not listed mid"
2024-08-05 JPY unwind,IWM,Fly -2/-5/-8,2024-07-29,2024-08-05,221.73,202.2,-8.81,29.8,64.6,45,0.77,3468.0,3.62,0.43,1939.0,-1529.0,0.56,-0.02,-1.169,-0.02,0.01,"BSM estimate, not listed mid"
2024-08-05 JPY unwind,IWM,PutSpread ATM/-10,2024-07-29,2024-08-05,221.73,202.2,-8.81,29.8,64.6,45,6.61,29724.0,31.0,13.57,61048.0,31324.0,2.05,-0.355,10.254,0.14,-0.05,"BSM estimate, not listed mid"
2024-08-05 JPY unwind,IWM,LongPut -10,2024-07-29,2024-08-05,221.73,202.2,-8.81,29.8,64.6,45,1.13,5066.0,5.28,13.21,59431.0,54364.0,11.73,-0.11,9.159,0.13,-0.05,"BSM estimate, not listed mid"
2024-08-05 JPY unwind,IWM,Ratio2x1 -8/-15,2024-07-29,2024-08-05,221.73,202.2,-8.81,29.8,64.6,45,-1.28,-5743.0,-5.99,1.14,5125.0,10868.0,inf,0.096,-4.861,-0.07,0.03,"BSM estimate, not listed mid"
2024-08-05 JPY unwind,IWM,Ratio2x1 -10/-20,2024-07-29,2024-08-05,221.73,202.2,-8.81,29.8,64.6,45,-1.04,-4692.0,-4.89,-3.64,-16358.0,-11666.0,0.0,0.097,-7.466,-0.1,0.04,"BSM estimate, not listed mid"
2024-08-05 JPY unwind,VIX,WeeklyCall K=25.0,2024-07-29,2024-08-05,16.88,36.14,114.1,93.5,173.3,0,0.0,0.0,0.0,11.15,0.0,0.0,0,0.002,2.269,0.0,-0.0,BSM-on-spot-VIX estimate (overstates true tracking — VIX options price off VX future)
2024-08-05 JPY unwind,VIX,WeeklyCall K=30.0,2024-07-29,2024-08-05,16.88,36.14,114.1,93.5,173.3,0,0.0,0.0,0.0,6.28,0.0,0.0,0,0.0,0.013,0.0,-0.0,BSM-on-spot-VIX estimate (overstates true tracking — VIX options price off VX future)
2024-08-05 JPY unwind,VIX,Ladder 25+35+45 (30DTE),2024-07-29,2024-08-05,16.6,38.57,132.35,93.5,173.3,270,0.19,4997.0,6.08,23.47,633763.0,628766.0,126.84,0.099,40.351,0.01,-0.01,BSM-on-spot-VIX estimate (overstates true tracking — VIX options price off VX future)
